﻿<?xml version="1.0"?>
<doc>
<assembly>
<name>
MetroMenu
</name>
</assembly>
<members>
<member name="T:MetroMenu.My.Resources.Resources">
<summary>
  A strongly-typed resource class, for looking up localized strings, etc.
</summary>
</member>
<member name="P:MetroMenu.My.Resources.Resources.ResourceManager">
<summary>
  Returns the cached ResourceManager instance used by this class.
</summary>
</member>
<member name="P:MetroMenu.My.Resources.Resources.Culture">
<summary>
  Overrides the current thread's CurrentUICulture property for all
  resource lookups using this strongly typed resource class.
</summary>
</member>
<member name="P:MetroMenu.My.Resources.Resources.icons8_circled_right_521">
<summary>
  Looks up a localized resource of type System.Drawing.Bitmap.
</summary>
</member>
<member name="P:MetroMenu.My.Resources.Resources.icons8_installing_updates_521">
<summary>
  Looks up a localized resource of type System.Drawing.Bitmap.
</summary>
</member>
<member name="P:MetroMenu.My.Resources.Resources.icons8_search_521">
<summary>
  Looks up a localized resource of type System.Drawing.Bitmap.
</summary>
</member>
<member name="P:MetroMenu.My.Resources.Resources.icons8_share_521">
<summary>
  Looks up a localized resource of type System.Drawing.Bitmap.
</summary>
</member>
<member name="P:MetroMenu.My.Resources.Resources.win8102_2">
<summary>
  Looks up a localized resource of type System.Drawing.Bitmap.
</summary>
</member>
<member name="P:MetroMenu.My.Resources.Resources.win8102_21">
<summary>
  Looks up a localized resource of type System.Drawing.Bitmap.
</summary>
</member>
</members>
</doc>
